{"env_file_modified_time": 1755080038.7681909, "dockerfile_file_modified_time": 1755080086.5265524}